East,North,-101_count
558262.600134105,6122104.324010043,4.0
558260.9811750564,6122093.688561393,12.0
558262.8613615469,6122125.98036031,8.0
558262.4556076415,6122147.627946719,4.0
558262.4737926584,6122137.01400996,16.0
558262.2373338824,6122168.853430387,8.0
558261.8669941219,6122210.880702661,4.0
558261.9150164208,6122221.070943524,8.0
558261.8589872079,6122262.253215219,4.0
558262.1267454453,6122241.877513063,12.0
558262.078725422,6122231.687271888,12.0
558261.9322337081,6122252.064567289,8.0
558262.4628579849,6122313.209205611,8.0
558262.4446599238,6122323.8231450515,8.0
558262.3107764658,6122334.010997236,4.0
558261.8247151221,6122375.61219199,8.0
558261.7388384228,6122395.99028839,4.0
558261.6912755832,6122418.067157745,4.0
558261.3446686418,6122449.056009584,20.0
558260.8273279566,6122479.193484581,12.0
558248.5229319279,6122492.617951131,4.0
558238.1441511114,6122493.33073014,4.0
558206.1924608967,6122492.911104367,16.0
558217.0395480094,6122493.478101939,4.0
558195.1084262605,6122491.916455812,12.0
558132.4899784595,6122485.57553313,12.0
558184.8731990643,6122490.932975339,4.0
558174.4560794835,6122489.947131719,16.0
558163.9783262954,6122488.960517138,12.0
558143.0283747031,6122486.562868358,12.0
558153.5667667349,6122487.550228662,8.0
558121.8965138211,6122484.162934073,36.0
558111.3581081287,6122483.175649147,4.0
558090.3474759444,6122480.777454925,12.0
558100.8252615215,6122481.763895258,16.0
558080.0515748695,6122479.793422318,12.0
558053.3649984096,6122466.282308761,20.0
558060.1711609934,6122474.438210765,20.0
558050.8913226576,6122456.0603125375,4.0
558050.6786459374,6122435.253752804,24.0
558069.4636423797,6122477.956454699,8.0
558052.6486603918,6122414.4757746095,12.0
558051.9033932455,6122425.08018622,4.0
558050.1208338288,6122445.436052643,36.0
558053.7092290714,6122393.685888574,12.0
558053.2726690792,6122403.869775381,12.0
558054.2175384852,6122382.65380788,8.0
558055.7313590695,6122350.406555075,8.0
558055.1735310272,6122360.588853183,4.0
558056.791947745,6122329.616671526,4.0
558056.2947476817,6122339.799763198,16.0
558057.3002669809,6122318.58459211,12.0
558057.8085878527,6122307.552512912,8.0
558059.400783273,6122264.69212203,20.0
558059.2618100465,6122275.304470498,12.0
558058.4988065633,6122296.522815924,12.0
558058.880307806,6122285.913643126,4.0
558059.4129321325,6122254.502679629,4.0
558055.2308589243,6122189.489211211,4.0
558058.4641085197,6122211.184450146,12.0
558059.5089784063,6122233.275601451,8.0
558059.4195213947,6122244.737731304,16.0
558051.9809001759,6122169.067457148,8.0
558040.170228054,6122098.4347744705,28.0
558121.0414693261,6122091.427377328,4.0
558069.2592813878,6122090.748889766,4.0
558100.5468802113,6122091.158770119,4.0
558110.9760794862,6122091.295445972,4.0
558142.9362265489,6122091.289873395,8.0
558164.527812801,6122091.148500403,12.0
558153.7348030634,6122091.006926871,4.0
558196.0196044141,6122089.863465687,4.0
558185.5848298258,6122090.1510835625,20.0
558206.5150157438,6122089.576668363,4.0
558227.6821739766,6122089.430030834,12.0
558216.7072543353,6122089.285915156,20.0
558175.144487387,6122090.863219732,12.0
558247.2003320975,6122094.781201629,4.0
558253.0254263867,6122103.773636531,4.0
558255.4382268722,6122113.994945334,8.0
558256.1420961315,6122125.0429355595,12.0
558255.8081642411,6122145.842331555,8.0
558256.0632928698,6122135.656075367,20.0
558255.2518506243,6122178.951250287,12.0
558255.1786237583,6122189.139897162,8.0
558254.844691381,6122209.939295096,8.0
558253.8862576403,6122241.344665065,12.0
558253.6199771625,6122252.379910458,4.0
558254.3400150384,6122229.887316074,8.0
558253.0323625831,6122274.025111321,4.0
558253.6341611898,6122338.991787768,12.0
558253.7791802416,6122327.954947684,4.0
558253.9848309229,6122316.918904448,8.0
558253.6104046678,6122350.03022137,4.0
558253.5628892814,6122372.1070890995,8.0
558253.5866473647,6122361.068655147,12.0
558253.5284795923,6122416.261623335,24.0
558253.7210231177,6122383.14791325,8.0
558253.636632272,6122394.185550879,28.0
558253.5522409481,6122405.223188681,4.0
558253.3228265678,6122427.297668137,8.0
558252.6690009192,6122449.3665716015,8.0
558252.8746530884,6122438.330526435,12.0
558252.4138745682,6122459.552832433,12.0
558252.0981189088,6122469.73829676,4.0
558233.2917548927,6122470.340359538,16.0
558235.026296099,6122481.4018911,4.0
558233.249264201,6122459.72562177,12.0
558250.3272541037,6122479.904641704,4.0
558233.5336364837,6122438.076431203,12.0
558233.9448448921,6122416.004340221,12.0
558233.9567561705,6122373.547782618,20.0
558233.9574056845,6122405.81489358,12.0
558233.9149109181,6122395.20015679,12.0
558234.3735380063,6122351.051199802,12.0
558234.2285661323,6122362.088040584,12.0
558234.4153788671,6122329.398826988,32.0
558234.7603763278,6122307.750436897,8.0
558234.3366152393,6122340.011969974,24.0
558234.6209813993,6122318.362783132,48.0
558233.8117842387,6122384.584623759,24.0
558235.0022387963,6122275.486516087,44.0
558235.0203675979,6122264.872577684,68.0
558234.8572690359,6122286.523355669,24.0
558234.7785069435,6122297.136497992,24.0
558234.9172303348,6122254.257046615,44.0
558234.898426355,6122232.603880412,44.0
558234.8803002374,6122243.21781832,32.0
558235.055942853,6122211.377597878,28.0
558234.9165517282,6122221.989942653,40.0
558235.3291489845,6122190.577402584,28.0
558235.3110249536,6122201.191339855,16.0
558235.402330333,6122180.388755645,24.0
558235.1960391572,6122159.1576962685,36.0
558235.4148774417,6122170.199312446,4.0
558235.3166087486,6122126.892189523,20.0
558235.2685172514,6122116.701950721,48.0
558235.1591012226,6122148.118469487,24.0
558235.2322796914,6122137.929823165,40.0
558235.0385207218,6122106.509322867,4.0
558220.0017987669,6122101.641614824,12.0
558232.9839025065,6122096.717297507,52.0
558223.857390527,6122122.071456958,16.0
558224.2937605607,6122153.495142001,40.0
558224.1599724108,6122163.6829923075,8.0
558224.5543914237,6122142.884390585,24.0
558223.8868211375,6122184.483187177,8.0
558224.0868178693,6122173.871639027,8.0
558223.8136660049,6122194.67183419,24.0
558223.7405104438,6122204.860481364,24.0
558223.3886262086,6122236.273818894,52.0
558223.6011467046,6122215.472826227,8.0
558223.5279904128,6122225.661473704,12.0
558222.9649580267,6122268.535349247,28.0
558223.1043227266,6122257.923003571,20.0
558223.1830545081,6122247.309861814,8.0
558222.5287613642,6122310.986326081,20.0
558222.7468603117,6122289.760837339,16.0
558222.8862254829,6122279.148491341,4.0
558222.4500272976,6122321.599468821,24.0
558222.6074949773,6122300.373183512,4.0
558222.2263516947,6122343.2494524,24.0
558222.0207791443,6122354.285497026,16.0
558222.3050865356,6122332.636309342,20.0
558221.4096369088,6122386.969138079,8.0
558221.2646955549,6122398.005979645,16.0
558221.0646981531,6122408.617531236,4.0
558220.9859616864,6122419.230675453,12.0
558220.4521744149,6122450.641634005,4.0
558220.9072247655,6122429.843819844,32.0
558220.1364922374,6122460.827100022,8.0
558219.5176622687,6122471.008585113,4.0
558217.1461516821,6122480.742486769,4.0
558207.3728202076,6122449.196186535,4.0
558207.6389897609,6122438.160936025,8.0
558208.4096337022,6122407.177655207,12.0
558208.0759036969,6122427.97706173,8.0
558207.04602124,6122460.230641184,8.0
558208.2702971876,6122417.79000338,4.0
558208.6758049412,6122396.142405396,8.0
558209.2645604098,6122365.156738345,4.0
558208.9970340038,6122385.532445747,20.0
558209.6700694343,6122343.509142035,8.0
558209.9362424541,6122332.473893268,20.0
558209.4701015886,6122354.120693156,20.0
558210.0205206808,6122321.436256465,16.0
558210.0441665384,6122310.397823753,12.0
558210.0071795735,6122299.358595154,28.0
558210.1039526738,6122278.131514394,44.0
558210.0914559126,6122288.320958872,24.0
558210.1840033364,6122258.177915764,4.0
558210.0502429013,6122268.365767814,36.0
558210.5852837402,6122227.614360483,4.0
558210.2571308771,6122247.989267785,28.0
558210.3908908723,6122237.801416025,36.0
558210.7190435742,6122217.426509035,8.0
558210.8528032579,6122207.238657724,12.0
558211.1809557555,6122186.86375163,8.0
558211.0471962331,6122197.05160264,8.0
558211.2540814074,6122176.675104705,28.0
558211.2665727715,6122166.485661839,8.0
558211.4609654242,6122156.298607354,16.0
558211.787773062,6122145.26415766,12.0
558212.1090081288,6122134.6542019155,4.0
558201.8637951908,6122120.50899347,28.0
558212.8616028855,6122114.284870614,8.0
558212.4853050248,6122124.469536181,8.0
558200.7353473466,6122109.455441274,12.0
558203.9008181259,6122099.307388828,4.0
558202.209562491,6122131.127704999,28.0
558202.1859497586,6122142.166134772,4.0
558201.7916357178,6122162.964737807,40.0
558202.0522129094,6122152.353985265,32.0
558201.7555515198,6122184.192610949,8.0
558201.773593991,6122173.57867429,12.0
558201.0770438415,6122226.640399698,12.0
558201.5500354873,6122195.228653718,24.0
558200.4401985626,6122247.435821539,20.0
558200.822039953,6122236.826659564,16.0
558200.0639305484,6122257.620489866,16.0
558201.2163541974,6122216.028054296,12.0
558199.9301933896,6122267.808342078,36.0
558199.4434006703,6122318.749993154,28.0
558199.3096621922,6122328.937846253,8.0
558199.3027590156,6122338.7027974725,4.0
558199.1523025725,6122350.164132558,16.0
558198.4905107344,6122391.338449803,4.0
558198.9510275323,6122370.116141859,4.0
558198.6960260103,6122380.302403873,8.0
558198.4062568488,6122402.376087751,4.0
558198.3039504945,6122424.027666148,12.0
558198.2858977602,6122434.641606596,4.0
558198.3275749878,6122412.989231936,4.0
558198.207214237,6122445.2547512725,4.0
558198.1341028238,6122455.443402157,8.0
558197.6903031315,6122475.392230799,16.0
558190.5812421418,6122467.232136967,16.0
558190.9204649943,6122446.008234517,12.0
558191.3753765651,6122425.210418326,4.0
558190.659908742,6122456.618991935,16.0
558191.8358610815,6122403.988108841,16.0
558191.635933919,6122414.59966142,8.0
558192.1514780041,6122393.802642038,20.0
558192.2907748178,6122383.190293951,12.0
558191.24722371,6122434.973779151,8.0
558192.3694404297,6122372.5771502005,8.0
558192.5031649217,6122362.38929635,12.0
558192.5762579453,6122352.200646811,8.0
558192.5998627241,6122341.1622138,8.0
558192.5022034826,6122330.122189292,8.0
558192.5258063991,6122319.08375663,20.0
558192.6762441437,6122307.622421947,8.0
558192.8391393622,6122285.971643033,24.0
558192.9840045111,6122274.934802741,20.0
558193.0682369579,6122263.897166787,12.0
558192.8427489435,6122221.012943687,12.0
558192.9223929467,6122242.666903899,16.0
558192.8853572953,6122231.6276767915,8.0
558193.0000627479,6122199.786661273,24.0
558192.9043665355,6122253.280841515,40.0
558192.8607728153,6122210.399006565,12.0
558193.2661912113,6122188.751414001,8.0
558194.1006223236,6122134.417801183,4.0
558193.9062702405,6122144.604855864,8.0
558194.173705663,6122124.229154976,16.0
558193.6584606724,6122103.418615081,8.0
558194.3129947073,6122113.616811008,20.0
558185.3577172944,6122098.214873367,24.0
558180.5909533455,6122128.721134987,4.0
558180.2024853808,6122107.487694457,8.0
558180.7480185926,6122149.1024060175,4.0
558180.790844612,6122118.109586382,4.0
558180.7300282507,6122159.716342061,8.0
558179.5430970324,6122213.1961967815,28.0
558179.7429885868,6122202.584646864,12.0
558179.1240390182,6122254.373690366,44.0
558179.4700420944,6122223.384844318,16.0
558179.2577277704,6122244.1858380325,20.0
558178.565922508,6122264.555973378,36.0
558176.8198112338,6122295.951015769,8.0
558176.8984345457,6122285.33787329,24.0
558177.2802192856,6122274.72870908,12.0
558176.590790966,6122318.025493358,4.0
558176.2405064249,6122340.098380423,4.0
558176.033765227,6122360.474883753,12.0
558176.4459645246,6122329.062334608,8.0
558176.6749852959,6122306.9878566675,24.0
558176.1068202992,6122350.2862342065,4.0
558175.7663919461,6122380.850592061,8.0
558175.9000786616,6122370.662737826,16.0
558175.6271347911,6122391.4629403725,20.0
558175.4328171285,6122401.649999304,8.0
558175.110382847,6122421.600419274,4.0
558174.8554352035,6122431.786683055,8.0
558175.2991300954,6122411.837853995,16.0
558167.999765219,6122464.388390029,24.0
558174.649977472,6122442.822730523,24.0
558174.510720091,6122453.435079789,20.0
558174.4432329551,6122463.199236861,16.0
558174.0008268503,6122473.807608472,8.0
558167.9750993164,6122443.159713559,4.0
558167.6899290554,6122432.541795785,4.0
558167.4047565996,6122421.923878209,8.0
558167.3014734699,6122411.308347298,8.0
558168.083947285,6122453.350750995,8.0
558167.8033635279,6122368.433663835,4.0
558167.6034950631,6122379.045216592,4.0
558167.9055133853,6122346.782087393,48.0
558167.9965219158,6122325.979499412,24.0
558167.9537398621,6122356.972327894,8.0
558167.8572859225,6122336.591847032,16.0
558168.3962573425,6122304.75639568,12.0
558168.6140965145,6122283.530906086,24.0
558168.8993978447,6122252.541262871,20.0
558168.7477624284,6122273.343053152,8.0
558168.5354931373,6122294.144048548,44.0
558169.0330630231,6122242.353410391,28.0
558168.7657325161,6122262.729115502,36.0
558169.2521579486,6122211.787467339,8.0
558169.1791267358,6122221.976114878,12.0
558169.0454621365,6122232.16396705,16.0
558169.3251887332,6122201.598819949,28.0
558169.6655460993,6122171.034469697,20.0
558169.677941514,6122160.8450273955,4.0
558169.4588526033,6122191.410968216,32.0
558169.6531499771,6122181.223912149,12.0
558169.8902021248,6122140.0440359805,4.0
558170.1754888598,6122109.05439915,12.0
558159.9740123993,6122096.183565995,16.0
558170.029433794,6122129.431691374,24.0
558169.4546944486,6122099.279905473,16.0
558158.0157662084,6122106.772049612,4.0
558159.9381382401,6122117.411436183,12.0
558161.9267030973,6122127.627125426,4.0
558162.6239926778,6122148.440047673,20.0
558162.3344256377,6122170.513725495,12.0
558162.76320735,6122137.827702819,56.0
558162.2063476836,6122180.27708322,16.0
558161.9390541177,6122200.652786746,24.0
558162.4847778426,6122159.052392689,32.0
558162.1333345025,6122190.465730313,48.0
558161.8660403576,6122210.841434137,64.0
558161.73239306,6122221.029286263,76.0
558161.5987456122,6122231.217138549,68.0
558161.4100338311,6122240.979701725,44.0
558161.2640035909,6122261.356997838,52.0
558161.331450266,6122251.592843572,44.0
558161.124786732,6122271.969344583,32.0
558160.991138394,6122282.157197618,36.0
558160.2566941662,6122333.520163543,16.0
558160.6632092732,6122302.532108731,16.0
558160.796857772,6122292.344255406,48.0
558160.4633600783,6122313.143660723,40.0
558160.0624136296,6122343.707222091,36.0
558159.746870637,6122353.892690017,32.0
558159.5525906357,6122364.079748864,24.0
558160.2690797021,6122323.330718963,48.0
558159.4133730704,6122374.692097201,16.0
558159.2067056176,6122395.068601828,24.0
558159.0068568477,6122405.680155259,16.0
558159.3403549229,6122384.8807471385,20.0
558158.6913160423,6122415.865624124,12.0
558158.0849509692,6122457.465238256,40.0
558158.4914678183,6122426.47717787,16.0
558158.1938202347,6122467.656275529,32.0
558158.4790789164,6122436.6666239435,44.0
558158.345429266,6122446.854479399,28.0
558151.5771392931,6122445.067426448,12.0
558151.7825396688,6122434.031378234,4.0
558151.4750557491,6122466.719005823,4.0
558156.0649617362,6122477.393390499,12.0
558151.49299883,6122456.105065405,20.0
558152.3393469935,6122391.581981798,4.0
558152.2552079643,6122402.619619907,4.0
558152.2372670228,6122413.233559526,16.0
558152.4234855438,6122380.544343861,4.0
558152.6523924393,6122358.469863802,8.0
558152.6758983271,6122347.4314311,4.0
558152.5076236161,6122369.506706098,8.0
558152.7600349651,6122336.393793861,12.0
558152.9338747794,6122313.894026005,8.0
558152.9048028068,6122325.356952091,16.0
558152.865184046,6122291.39107771,24.0
558152.9573779815,6122302.855594006,16.0
558153.070582259,6122280.355031939,16.0
558153.2196466024,6122236.626596274,32.0
558152.9963182696,6122258.276578604,12.0
558153.0940832535,6122269.316600473,20.0
558153.1410829021,6122247.239738065,4.0
558153.2982098502,6122226.013454633,8.0
558153.5406891118,6122184.409082074,4.0
558153.371147202,6122174.217253904,12.0
558153.5283290676,6122194.598524536,4.0
558153.3779376784,6122164.452305559,8.0
558153.2801625675,6122153.412285366,12.0
558153.2980867533,6122142.798349719,36.0
558153.5529797985,6122132.612089151,4.0
558143.1837346681,6122095.538786858,4.0
558151.7765699374,6122101.595413087,16.0
558153.3462872187,6122111.381037513,4.0
558135.1570846296,6122101.802037522,8.0
558153.758374176,6122121.576045882,4.0
558137.3276183105,6122112.02010019,12.0
558137.9160791488,6122122.641985856,8.0
558137.8431251467,6122132.830632149,8.0
558137.6681957684,6122164.670848494,16.0
558137.6984041509,6122143.867471162,12.0
558137.5717846294,6122185.897925207,20.0
558137.4988277154,6122196.086572436,12.0
558137.6503073642,6122175.284784304,20.0
558137.5471369904,6122206.276809953,20.0
558137.4135457706,6122216.4646624075,8.0
558137.2014294488,6122237.265656696,48.0
558137.3405874305,6122226.653310072,20.0
558137.9224427115,6122288.647703336,16.0
558137.0072048878,6122247.452714539,28.0
558137.4069782214,6122267.837166573,4.0
558137.7888469342,6122298.83555698,28.0
558137.8135090513,6122278.456669521,8.0
558137.7765148139,6122309.025000939,28.0
558137.0555108804,6122257.642952791,24.0
558137.5588205162,6122330.250491899,24.0
558137.7035502223,6122319.213649964,28.0
558137.4196571712,6122340.862840075,20.0
558137.6498481799,6122351.055464981,4.0
558137.637512608,6122361.244909707,4.0
558137.177289784,6122382.467221907,8.0
558136.9224299904,6122392.653486763,8.0
558137.3826521286,6122371.431174228,8.0
558136.5407427931,6122403.262655586,12.0
558136.0087595728,6122425.3331620395,16.0
558135.675367797,6122446.132572425,40.0
558135.8695954944,6122435.945511678,16.0
558134.5593557927,6122466.497153662,12.0
558135.4260769014,6122455.894344252,16.0
558132.4911785475,6122476.235074668,16.0
558124.4614240496,6122468.912150327,4.0
558124.4131072689,6122458.721909259,36.0
558124.3276016776,6122437.492439598,4.0
558124.5522449912,6122448.109559087,24.0
558124.4790482554,6122416.690644198,24.0
558124.623749605,6122405.653800682,24.0
558124.1635867503,6122426.876115188,16.0
558124.8179506452,6122395.466740207,16.0
558125.4172508322,6122363.632077801,28.0
558125.4544425635,6122374.671305414,4.0
558125.2546752538,6122385.28285954,8.0
558125.6966980108,6122333.066924082,24.0
558125.5631283309,6122343.254778562,20.0
558125.4295585008,6122353.442633194,20.0
558125.9638369204,6122312.69121558,16.0
558125.8908992541,6122322.879864672,8.0
558126.0367741581,6122302.502566626,16.0
558125.9884467048,6122292.312327975,16.0
558126.1855783385,6122258.7741303155,4.0
558126.1015126773,6122269.811766417,20.0
558126.0118812039,6122281.273896597,8.0
558126.3537082274,6122236.698858636,4.0
558126.5646038217,6122225.238319042,8.0
558126.6375373218,6122215.049671365,12.0
558126.9046699683,6122194.673966307,4.0
558126.831737047,6122204.862613687,12.0
558126.8741985031,6122173.8697933955,8.0
558126.7942198676,6122152.215838545,20.0
558126.8864958173,6122163.680351547,4.0
558126.867149621,6122142.027191935,12.0
558127.2678401229,6122111.463637774,16.0
558118.7423359386,6122095.642906888,8.0
558114.9889828725,6122136.776682888,8.0
558114.879981411,6122126.585652209,8.0
558114.7821065834,6122115.545634072,16.0
558114.9767148327,6122146.966124205,4.0
558115.189147903,6122167.772680161,4.0
558115.1768771657,6122177.962121934,12.0
558115.1463480215,6122157.157949949,8.0
558115.2680362494,6122198.767089313,8.0
558115.219675149,6122188.576852468,4.0
558115.2985581682,6122219.571262554,12.0
558115.310832189,6122209.381820168,4.0
558114.8150460883,6122251.832002791,8.0
558114.9485869736,6122241.644149466,8.0
558114.1596167942,6122292.581828055,8.0
558114.4873314623,6122272.206915116,16.0
558113.7657060135,6122313.380440766,24.0
558114.0205112111,6122303.194176047,20.0
558114.2931580009,6122282.39397413,4.0
558113.4930588611,6122334.180643618,12.0
558113.3595171703,6122344.368498308,12.0
558112.8994114492,6122365.590811809,24.0
558112.6941102528,6122376.626860148,8.0
558113.1653440512,6122354.5555583965,4.0
558113.6872320988,6122323.993583833,16.0
558112.4598360049,6122399.125835584,24.0
558112.6100708334,6122387.664498159,12.0
558112.436426287,6122410.164268697,12.0
558112.2917550541,6122421.201112493,72.0
558112.1526479335,6122431.81346246,20.0
558111.8978447783,6122441.999729103,32.0
558111.5701291038,6122462.374647061,32.0
558103.8039505833,6122462.697421346,8.0
558109.4469353495,6122471.687289699,8.0
558111.8249318616,6122452.188380123,28.0
558103.6204769618,6122430.427929789,12.0
558103.8824092201,6122452.0842761425,28.0
558103.9042135244,6122408.778735784,8.0
558103.7595635968,6122419.815579703,12.0
558103.7294740435,6122440.618964542,4.0
558103.9276019015,6122397.740302782,20.0
558104.1946465769,6122377.364591705,24.0
558104.0611243142,6122387.552447168,32.0
558104.267537584,6122367.17594176,12.0
558104.3404281628,6122356.987291976,40.0
558104.6019076928,6122337.036076048,4.0
558104.7476864301,6122316.658777488,12.0
558104.6141656186,6122326.846632062,12.0
558104.4683863025,6122347.2239309205,24.0
558105.5298609537,6122275.486045352,24.0
558105.2021871973,6122295.860958781,20.0
558105.0080343328,6122306.048018411,20.0
558105.3963401911,6122285.673899305,12.0
558105.6027490672,6122265.297396897,20.0
558105.9426766705,6122234.733041721,8.0
558105.8697895638,6122244.921689717,4.0
558106.2041526753,6122214.781829317,16.0
558105.7362693906,6122255.109543232,16.0
558106.0706330851,6122224.969682391,24.0
558106.4890066122,6122183.792187858,16.0
558106.4767547061,6122193.981629767,8.0
558106.5123843404,6122172.753758405,4.0
558106.5357612887,6122161.715329126,8.0
558106.5480110019,6122151.525887692,20.0
558106.6743268772,6122109.495436665,8.0
558106.9046178696,6122119.688056058,4.0
558095.4975752399,6122138.644077729,16.0
558094.5807728122,6122106.78956212,16.0
558095.4135934357,6122149.681712037,4.0
558095.7506144828,6122096.190722997,4.0
558095.4097418791,6122182.37330012,4.0
558095.5132202646,6122192.988824732,12.0
558095.5115129376,6122160.721729996,20.0
558095.4937257089,6122171.335665298,4.0
558095.6222596038,6122203.179855642,4.0
558095.3385830638,6122224.829043597,20.0
558094.8552155303,6122257.089785335,36.0
558094.7161578058,6122267.702133116,4.0
558095.1388927832,6122235.44059638,40.0
558095.4170070798,6122214.2159019755,12.0
558094.9280780426,6122246.901137138,8.0
558094.6432945625,6122277.89078163,4.0
558094.1226498815,6122299.1123000225,36.0
558094.443604194,6122288.50233523,12.0
558093.8678904766,6122309.298565541,12.0
558093.6615309751,6122329.67506945,40.0
558093.7343949924,6122319.486420179,36.0
558093.5213640066,6122349.627874457,24.0
558093.6548603524,6122339.440019389,12.0
558093.3272363058,6122359.814935205,32.0
558093.005174574,6122379.76535765,40.0
558093.0780400137,6122369.576707647,32.0
558092.7259451698,6122410.330514064,16.0
558092.8594424092,6122400.142658103,4.0
558092.9323087062,6122389.9540078025,28.0
558092.447825439,6122431.555214485,4.0
558092.5757605961,6122421.791852212,4.0
558092.193067568,6122441.741481975,16.0
558091.689115433,6122461.689523388,52.0
558092.0651323966,6122451.50484453,16.0
558083.8516438626,6122411.912505389,24.0
558083.7732355915,6122422.525650037,20.0
558083.6592678817,6122454.366673683,44.0
558083.732116212,6122444.178022573,48.0
558083.6948268667,6122433.138794859,28.0
558083.9300516805,6122401.299360904,12.0
558084.1241590818,6122391.112299281,36.0
558084.4144490816,6122359.698155572,8.0
558084.553486446,6122349.085806241,20.0
558084.7653675725,6122328.284807654,16.0
558084.1970047799,6122380.923649093,80.0
558084.6925236479,6122338.473457061,8.0
558084.2754115544,6122370.310505079,24.0
558084.8988428438,6122318.096952747,28.0
558085.287057044,6122297.722832109,20.0
558085.3103906531,6122286.684401061,16.0
558085.2786525497,6122275.220681909,44.0
558085.3253155298,6122253.143820695,4.0
558085.6873470127,6122220.881489803,16.0
558085.4092786649,6122242.106184716,4.0
558085.5483129201,6122231.49383718,12.0
558085.3626169419,6122264.183045582,8.0
558086.1417535294,6122200.083672501,12.0
558086.1643856021,6122147.437695447,56.0
558086.2016943954,6122158.476918655,4.0
558086.0797200756,6122116.867784218,4.0
558085.94625111,6122127.055636188,12.0
558085.9650890505,6122107.101248788,8.0
558085.0015696997,6122097.323592609,8.0
558077.1553238231,6122117.600009908,4.0
558076.02100462,6122106.9709852785,12.0
558075.0685835758,6122096.344343745,8.0
558077.581613459,6122149.872661504,8.0
558077.7457717302,6122160.488979178,4.0
558077.7942213283,6122170.679214662,4.0
558077.7465429587,6122202.096527028,4.0
558078.0142120081,6122223.3283699425,4.0
558077.8193629488,6122191.907879586,4.0
558077.3975151698,6122265.776966831,8.0
558077.0215300763,6122275.961644092,4.0
558076.1316168737,6122297.602892465,4.0
558076.5737925137,6122286.994515149,4.0
558075.2472694586,6122318.819647687,28.0
558075.6288106124,6122308.210475751,24.0
558074.744466065,6122329.42723137,76.0
558074.1810327767,6122340.034021029,28.0
558072.99910103,6122360.822312818,36.0
558073.6231618039,6122350.216316935,44.0
558072.3199717317,6122371.003020754,72.0
558070.9505996705,6122392.213425337,40.0
558071.6352844767,6122381.608222917,36.0
558070.2714775377,6122402.394133979,4.0
558069.5317272816,6122412.574048705,8.0
558067.8647840179,6122433.35599052,20.0
558067.0644120824,6122443.535111908,12.0
558066.1978532131,6122454.137933497,16.0
558056.0943748314,6122456.977579811,8.0
558068.8526100036,6122422.754757835,28.0
558056.8452081573,6122445.948674336,64.0
558057.3479645787,6122435.341087202,48.0
558057.7956513349,6122424.308212235,60.0
558058.364600367,6122413.276925485,20.0
558058.8011718392,6122403.093038975,64.0
558060.5959419424,6122372.5477327835,40.0
558059.2983753047,6122392.909946663,48.0
558059.9168420697,6122382.728442591,64.0
558061.9597080944,6122351.761819855,12.0
558061.2199722871,6122361.941735157,40.0
558062.6443744659,6122341.15661677,4.0
558065.0743447235,6122299.156330393,16.0
558063.3896748893,6122330.552208002,24.0
558064.5164925982,6122309.338626743,8.0
558065.5230989546,6122278.783003236,16.0
558065.4503021338,6122288.97165196,20.0
558065.2927330945,6122268.590384196,48.0
558065.3655283608,6122258.401735758,36.0
558063.9530828096,6122319.945417259,12.0
558065.4989559279,6122248.213881558,8.0
558065.0559330483,6122217.214708745,8.0
558065.4504847396,6122238.02364525,16.0
558065.341379558,6122227.832614997,16.0
558061.0754574026,6122173.856777901,8.0
558064.4617585507,6122207.017326223,28.0
558062.6231070458,6122185.340345691,4.0
558063.6912394713,6122196.393067854,16.0
558057.274246943,6122153.852368044,12.0
558055.3405315432,6122144.062014581,36.0
558059.329220889,6122163.644310526,4.0
558053.2910964425,6122133.845580483,28.0
558051.1148244184,6122124.052053623,64.0
558048.4170557903,6122093.872503417,4.0
558048.9496573872,6122113.409540321,4.0
558056.3829593562,6122087.608302529,12.0
558078.1620177522,6122087.04439691,12.0
558067.2477294834,6122086.901445481,68.0
558089.3794805054,6122087.191347212,16.0
558122.905033076,6122088.0552724805,8.0
558133.27360506,6122088.191205876,12.0
558154.5341920033,6122090.168278089,4.0
558143.7028118022,6122088.327958666,12.0
558165.2331564862,6122092.8560206825,16.0
558183.2125772476,6122104.55522583,48.0
558195.4804589314,6122121.698905214,4.0
558204.8210830482,6122140.0778925605,8.0
558212.3753756619,6122160.556282425,40.0
558215.5708999359,6122171.212413016,12.0
558200.219773507,6122130.252451585,16.0
558218.3419725157,6122181.862972938,36.0
558208.8160307255,6122149.895378123,140.0
558223.6562053366,6122215.8981162775,20.0
558220.5561810072,6122193.355356513,12.0
558224.6632943571,6122226.950084001,40.0
558226.203542529,6122248.198662797,20.0
558222.4121514764,6122204.41847026,16.0
558225.5546864794,6122237.575965798,44.0
558226.6098642491,6122258.81817489,32.0
558228.1849250669,6122268.179335588,32.0
558235.6691948742,6122275.495276653,32.0
558245.3146066049,6122279.867652627,12.0
558265.4802044863,6122263.57450471,32.0
558262.7447020968,6122273.303599439,12.0
558255.3189379637,6122279.999094981,4.0
558238.3941883636,6122261.944924754,32.0
558233.06827732,6122270.366309074,44.0
558247.0103012144,6122256.963307543,8.0
558224.1546190584,6122274.919478056,12.0
558194.0042689283,6122271.127091548,20.0
558174.9044166065,6122275.54666822,20.0
558183.9392859985,6122270.994991968,8.0
558204.0141920588,6122270.8339241445,16.0
558174.9886040923,6122264.509032195,16.0
558180.3602589928,6122243.351172089,12.0
558181.2326864856,6122232.323880249,8.0
558181.311316513,6122221.710738762,20.0
558182.3298693023,6122190.30615287,4.0
558186.2117082839,6122181.016623099,24.0
558203.1117812006,6122182.512146829,4.0
558194.8829767882,6122176.460194099,12.0
558246.7003692975,6122192.849610711,4.0
558211.709937893,6122188.144397725,24.0
558227.9966848793,6122199.397005388,8.0
558251.8500711563,6122184.001359297,4.0
558238.0235011814,6122197.830432396,24.0
558222.2176359458,6122177.668195804,4.0
558212.2130741448,6122177.536829607,4.0
558202.2140846244,6122176.980992194,20.0
558232.7072672452,6122177.805955516,32.0
558192.0276204103,6122176.8472837005,8.0
558171.5773492822,6122177.852622822,12.0
558181.8355855544,6122177.138092418,12.0
558161.4292470855,6122179.417755371,4.0
558144.0812438214,6122188.955254472,4.0
558150.215149231,6122197.52703696,20.0
558183.0968854104,6122224.281572258,12.0
558166.6560669728,6122210.904273694,16.0
558174.7524373494,6122217.803570994,24.0
558158.6258729975,6122203.581292917,20.0
558191.617636509,6122231.186470698,12.0
558207.8102000218,6122244.98517283,36.0
558199.5376045443,6122237.6589326635,16.0
558216.2646661337,6122252.313817145,16.0
558223.6388669407,6122258.779157466,20.0
558231.3106333478,6122265.672985869,80.0
558246.6540943412,6122279.460683144,8.0
558265.7030656601,6122283.532088193,4.0
558238.9217434041,6122272.566031292,12.0
558255.6381098612,6122283.3998256605,4.0
557998.2171126802,6121916.595917387,24.0
558262.9457586234,6122114.94272695,0.0
558262.3161539278,6122158.240290079,0.0
558262.1403259721,6122190.080508237,0.0
558262.2191470695,6122179.467367617,0.0
558262.0064492259,6122200.268358487,0.0
558261.6644754484,6122272.440269746,0.0
558261.7731251951,6122282.631308289,0.0
558262.0030379473,6122292.823940561,0.0
558262.1713143706,6122344.623343416,0.0
558262.354212871,6122303.018166575,0.0
558261.9105895472,6122355.234096196,0.0
558261.716074761,6122365.421152052,0.0
558261.7514616246,6122385.800841722,0.0
558261.544763794,6122438.444458589,0.0
558261.5937962452,6122407.027129408,0.0
558261.6786501871,6122428.256604886,0.0
558261.0951009594,6122458.817776111,0.0
558260.9612145331,6122469.005630277,0.0
558227.5284320263,6122493.615854133,0.0
558258.3400495455,6122488.501277364,0.0
558054.7258495343,6122371.621727402,0.0
558059.2897106309,6122222.233995675,0.0
558056.8447088215,6122200.549077226,0.0
558053.7271510094,6122179.279921628,0.0
558050.4165423969,6122158.85737518,0.0
558046.8744783436,6122137.582668968,0.0
558042.9463415497,6122118.001179223,0.0
558048.7915425707,6122148.646500118,0.0
558045.001366187,6122127.793114268,0.0
558047.2983385264,6122091.31045751,0.0
558040.8306725111,6122108.208451595,0.0
558058.4056372609,6122090.606754174,0.0
558090.4208551747,6122091.026090877,0.0
558079.5065765165,6122090.883109209,0.0
558132.0770170453,6122091.572051221,0.0
558238.1002277978,6122090.415993137,0.0
558255.4756695281,6122157.3012724435,0.0
558255.3968659092,6122167.914412743,0.0
558255.039185516,6122199.752241281,0.0
558254.6501973746,6122220.126349075,0.0
558253.2380095168,6122262.989068906,0.0
558253.4810734835,6122295.2593622655,0.0
558253.1354544917,6122284.640643388,0.0
558253.8873219454,6122305.878878024,0.0
558243.5631921751,6122487.033413653,0.0
558233.5154983943,6122448.69037225,0.0
558233.7392406251,6122427.0403856225,0.0
558224.374442209,6122091.933994473,0.0
558222.1115032854,6122111.85892402,0.0
558224.6826050435,6122133.121034326,0.0
558221.8152067186,6122365.32154183,0.0
558221.5545780862,6122375.932296688,0.0
558220.6465970516,6122440.454575693,0.0
558207.1806095104,6122482.309899602,0.0
558206.5979636203,6122471.263503942,0.0
558209.130797282,6122375.34459197,0.0
558212.4496504435,6122104.089856026,0.0
558201.2894586653,6122205.839406911,0.0
558199.8570884141,6122277.996990369,0.0
558199.7233508157,6122288.184842868,0.0
558199.5896130669,6122298.37269553,0.0
558199.4558751677,6122308.56054834,0.0
558199.0241358228,6122359.927492222,0.0
558198.1271933311,6122465.208355143,0.0
558192.7549061093,6122297.009279336,0.0
558193.761409136,6122155.641694093,0.0
558193.4661147998,6122178.139864865,0.0
558193.5559140003,6122166.677736663,0.0
558180.6391694152,6122138.911372597,0.0
558180.4639316092,6122170.751589439,0.0
558179.8822467598,6122191.972301475,0.0
558180.0821384236,6122181.360751898,0.0
558179.3307834389,6122233.9971901905,0.0
558167.4462811492,6122400.271504598,0.0
558167.4642575294,6122389.657565023,0.0
558168.1963895658,6122315.367947462,0.0
558169.7454010161,6122151.080874547,0.0
558170.163096043,6122119.243840697,0.0
558151.9768039987,6122423.8443181375,0.0
558153.4497671677,6122205.211665687,0.0
558153.3767726441,6122215.400313164,0.0
558137.6198831983,6122154.480611588,0.0
558136.2141205051,6122414.297113655,0.0
558126.2090107811,6122247.735699467,0.0
558126.9225340933,6122184.060030316,0.0
558126.9400789456,6122131.838545473,0.0
558126.6737863955,6122101.266247655,0.0
558127.0736423068,6122121.6506940825,0.0
558114.2542236025,6122104.924546692,0.0
558114.681505053,6122262.019856265,0.0
558115.0932560966,6122230.607308539,0.0
558106.3983054443,6122204.59477104,0.0
558106.6320206326,6122140.488253393,0.0
558106.7711009337,6122129.87590774,0.0
558095.5331441322,6122117.416208299,0.0
558105.286410438,6122099.712213294,0.0
558095.5759944324,6122128.03093743,0.0
558085.0929498798,6122307.909892351,0.0
558085.9476474419,6122210.270731309,0.0
558086.2434817558,6122178.432101905,0.0
558086.2556860578,6122168.242660459,0.0
558086.2201540413,6122189.470531241,0.0
558086.0497577485,6122137.6711595785,0.0
558077.3139264409,6122128.640820904,0.0
558077.285064324,6122140.10374321,0.0
558077.8371094048,6122181.293944175,0.0
558077.8500616103,6122212.712051267,0.0
558077.9247078047,6122234.790499548,0.0
558077.8518850644,6122244.979147615,0.0
558077.6577966262,6122255.166207315,0.0
558064.3723409268,6122463.879061683,0.0
558047.2584419614,6122103.6223666,0.0
558100.7732853073,6122087.7652033735,0.0
558111.5663021209,6122087.906647931,0.0
558174.8128332668,6122097.651937538,0.0
558189.6608452895,6122112.282052509,0.0
558265.5624189068,6122266.54755497,0.0
558257.3178474033,6122257.098736958,0.0
558231.6458540394,6122272.4704615995,0.0
558214.1286605713,6122271.815853106,0.0
558178.9340045957,6122273.476709562,0.0
558178.2751818524,6122254.362551425,0.0
558181.0261466072,6122211.0928234225,0.0
558181.0992044003,6122200.9041760685,0.0
558215.7389440986,6122190.744699966,0.0
558218.4667721346,6122195.450754944,0.0
558251.640284379,6122186.1214382155,0.0
558242.8770008591,6122179.213238778,0.0
558151.6833176508,6122182.6864532195,0.0
558143.9104769287,6122188.103881332,0.0
